{"properties":{"connectionReferences":{},"definition":{"$schema":"https://schema.management.azure.com/providers/Microsoft.Logic/schemas/2016-06-01/workflowdefinition.json#","contentVersion":"1.0.0.0","parameters":{"$authentication":{"defaultValue":{},"type":"SecureObject"}},"triggers":{"manual":{"metadata":{"operationMetadataId":"22799164-07cd-48bb-848f-71b8d76c011c"},"type":"Request","kind":"PowerAppV2","inputs":{"schema":{"type":"object","properties":{"email":{"title":"Email","type":"string","format":"email","x-ms-dynamically-added":true,"description":"Please enter an e-mail address","x-ms-content-hint":"EMAIL"},"text":{"title":"AString","type":"string","x-ms-dynamically-added":true,"description":"Please enter your input","x-ms-content-hint":"TEXT"}},"required":["email","text"]}}}},"actions":{"Compose":{"runAfter":{},"metadata":{"operationMetadataId":"a051e3f1-1e97-44ed-b439-699e3b0733f4"},"type":"Compose","inputs":"email: @{triggerBody()['email']}\naString: @{triggerBody()['text']}"}},"outputs":{}}},"schemaVersion":"1.0.0.0"}