<appaction uniquename="mjb_OpenDialog!e1b3f9f32358434d809b9725bb5c42bd!mjb_SendEmail!mjb_sendanemail!0">
  <appmoduleid>
    <uniquename>mjb_SendEmail</uniquename>
  </appmoduleid>
  <buttonlabeltext default="Open Dialog">
    <label description="Open Dialog" languagecode="1033" />
  </buttonlabeltext>
  <buttonsequencepriority>12.5000000000</buttonsequencepriority>
  <context>1</context>
  <contextentity>
    <logicalname>mjb_sendanemail</logicalname>
  </contextentity>
  <contextvalue>mjb_sendanemail</contextvalue>
  <fonticon>$clientsvg:Accept</fonticon>
  <hidden>0</hidden>
  <iscustomizable>1</iscustomizable>
  <location>0</location>
  <name>OpenDialog!e1b3f9f32358434d809b9725bb5c42bd</name>
  <onclickeventjavascriptfunctionname>dialogOpen</onclickeventjavascriptfunctionname>
  <onclickeventjavascriptparameters>[{"type":5},{"type":4}]</onclickeventjavascriptparameters>
  <onclickeventjavascriptwebresourceid>
    <webresourceid>6e42c4a5-b576-ec11-8d21-000d3a8744a0</webresourceid>
  </onclickeventjavascriptwebresourceid>
  <onclickeventtype>2</onclickeventtype>
  <statecode>0</statecode>
  <statuscode>1</statuscode>
  <type>0</type>
</appaction>