{"properties":{"connectionReferences":{"shared_commondataserviceforapps_1":{"runtimeSource":"embedded","connection":{"connectionReferenceLogicalName":"mjb_sharedcommondataserviceforapps_1e7b2"},"api":{"name":"shared_commondataserviceforapps"}},"shared_office365":{"runtimeSource":"embedded","connection":{"connectionReferenceLogicalName":"new_CoEAuditLogsO365Outlook"},"api":{"name":"shared_office365"}}},"definition":{"$schema":"https://schema.management.azure.com/providers/Microsoft.Logic/schemas/2016-06-01/workflowdefinition.json#","contentVersion":"1.0.0.0","parameters":{"$connections":{"defaultValue":{},"type":"Object"},"$authentication":{"defaultValue":{},"type":"SecureObject"}},"triggers":{"manual":{"metadata":{"operationMetadataId":"7c3da030-8d2a-4fa8-bf49-5471637c931f"},"type":"Request","kind":"Http","inputs":{"schema":{"type":"object","properties":{"flowName":{"type":"string"},"recordID":{"type":"string"},"UserID":{"type":"string"}}}}}},"actions":{"Get_a_row_by_ID_from_SendEmail":{"runAfter":{},"metadata":{"operationMetadataId":"c4d756cb-e2ee-468f-92e2-e53adce03a13"},"type":"OpenApiConnection","inputs":{"host":{"connectionName":"shared_commondataserviceforapps_1","operationId":"GetItem","apiId":"/providers/Microsoft.PowerApps/apis/shared_commondataserviceforapps"},"parameters":{"entityName":"mjb_sendanemails","recordId":"@triggerBody()?['recordID']"},"authentication":"@parameters('$authentication')"}},"Send_an_email_(V2)_from_the_form_fields":{"runAfter":{"Get_a_row_by_ID_from_SendEmail":["Succeeded"]},"metadata":{"operationMetadataId":"24300ceb-047c-418a-b028-89fe84de73a3"},"type":"OpenApiConnection","inputs":{"host":{"connectionName":"shared_office365","operationId":"SendEmailV2","apiId":"/providers/Microsoft.PowerApps/apis/shared_office365"},"parameters":{"emailMessage/To":"@outputs('Get_a_row_by_ID_from_SendEmail')?['body/mjb_emailaddress']","emailMessage/Subject":"@outputs('Get_a_row_by_ID_from_SendEmail')?['body/mjb_subject']","emailMessage/Body":"<p>@{outputs('Get_a_row_by_ID_from_SendEmail')?['body/mjb_body']}</p>"},"authentication":"@parameters('$authentication')"}}}}},"schemaVersion":"1.0.0.0"}