{"properties":{"connectionReferences":{"shared_commondataserviceforapps":{"runtimeSource":"embedded","connection":{"connectionReferenceLogicalName":"mjb_sharedcommondataserviceforapps_1e7b2"},"api":{"name":"shared_commondataserviceforapps"}}},"definition":{"$schema":"https://schema.management.azure.com/providers/Microsoft.Logic/schemas/2016-06-01/workflowdefinition.json#","contentVersion":"1.0.0.0","parameters":{"$connections":{"defaultValue":{},"type":"Object"},"$authentication":{"defaultValue":{},"type":"SecureObject"}},"triggers":{"When_a_row_is_deleted_in_Flow_Logs":{"type":"OpenApiConnectionWebhook","inputs":{"host":{"connectionName":"shared_commondataserviceforapps","operationId":"SubscribeWebhookTrigger","apiId":"/providers/Microsoft.PowerApps/apis/shared_commondataserviceforapps"},"parameters":{"subscriptionRequest/message":2,"subscriptionRequest/entityname":"mjb_flowlog","subscriptionRequest/scope":4},"authentication":"@parameters('$authentication')"}}},"actions":{"Try":{"actions":{"List_rows_in_users":{"runAfter":{},"type":"OpenApiConnection","inputs":{"host":{"connectionName":"shared_commondataserviceforapps","operationId":"ListRecords","apiId":"/providers/Microsoft.PowerApps/apis/shared_commondataserviceforapps"},"parameters":{"entityName":"systemusers","$filter":"fullname eq 'eee'eeee'"},"authentication":"@parameters('$authentication')"}}},"runAfter":{"Add_a_new_basic_row_to_Flow_Logs":["Succeeded"]},"type":"Scope"},"Catch":{"actions":{"Add_a_new_row_to_Flow_Logs":{"runAfter":{},"type":"OpenApiConnection","inputs":{"host":{"connectionName":"shared_commondataserviceforapps","operationId":"CreateRecord","apiId":"/providers/Microsoft.PowerApps/apis/shared_commondataserviceforapps"},"parameters":{"entityName":"mjb_flowlogs","item/mjb_flowname":"@workflow()?['tags']?['flowDisplayName']","item/mjb_description":"@result('Try')[0].outputs.body.error.message","item/mjb_flowrunurl":"@concat('https://unitedkingdom.flow.microsoft.com/manage/environments/', workflow()['tags']['environmentName'], '/flows/', workflow()['name'], '/runs/', workflow()['run']['name'])","item/mjb_lastactionrun":"@result('Try')[0].name","item/mjb_severity":100000002},"authentication":"@parameters('$authentication')"}}},"runAfter":{"Try":["Failed","TimedOut"]},"type":"Scope"},"Add_a_new_basic_row_to_Flow_Logs":{"runAfter":{},"type":"OpenApiConnection","inputs":{"host":{"connectionName":"shared_commondataserviceforapps","operationId":"CreateRecord","apiId":"/providers/Microsoft.PowerApps/apis/shared_commondataserviceforapps"},"parameters":{"entityName":"mjb_flowlogs","item/mjb_flowname":"@workflow()?['tags']?['flowDisplayName']","item/mjb_description":"A Description to be entered","item/mjb_flowrunurl":"@concat('https://unitedkingdom.flow.microsoft.com/manage/environments/', workflow()['tags']['environmentName'], '/flows/', workflow()['name'], '/runs/', workflow()['run']['name'])","item/mjb_keyinfo":"This Record Failed","item/mjb_lastactionrun":"Action XYZ","item/mjb_severity":100000002},"authentication":"@parameters('$authentication')"}}},"outputs":{}}},"schemaVersion":"1.0.0.0"}