{"properties":{"connectionReferences":{"shared_commondataserviceforapps_1":{"runtimeSource":"embedded","connection":{"connectionReferenceLogicalName":"mjb_sharedcommondataserviceforapps_1e7b2"},"api":{"name":"shared_commondataserviceforapps"}},"shared_office365_1":{"runtimeSource":"invoker","connection":{"connectionReferenceLogicalName":"new_sharedoffice365_467e3"},"api":{"name":"shared_office365"}}},"definition":{"$schema":"https://schema.management.azure.com/providers/Microsoft.Logic/schemas/2016-06-01/workflowdefinition.json#","contentVersion":"1.0.0.0","parameters":{"$connections":{"defaultValue":{},"type":"Object"},"$authentication":{"defaultValue":{},"type":"SecureObject"}},"triggers":{"manual":{"metadata":{"operationMetadataId":"22799164-07cd-48bb-848f-71b8d76c011c"},"type":"Request","kind":"PowerAppV2","inputs":{"schema":{"type":"object","properties":{"email":{"title":"Email","type":"string","format":"email","x-ms-dynamically-added":true,"description":"Please enter an e-mail address","x-ms-content-hint":"EMAIL"},"text":{"title":"RecordGUID","type":"string","x-ms-dynamically-added":true,"description":"Please enter your input","x-ms-content-hint":"TEXT"}},"required":["email","text"]}}}},"actions":{"Get_a_row_by_ID_from_SendEmail":{"runAfter":{},"metadata":{"operationMetadataId":"c4d756cb-e2ee-468f-92e2-e53adce03a13"},"type":"OpenApiConnection","inputs":{"host":{"connectionName":"shared_commondataserviceforapps_1","operationId":"GetItem","apiId":"/providers/Microsoft.PowerApps/apis/shared_commondataserviceforapps"},"parameters":{"entityName":"mjb_sendanemails","recordId":"@triggerBody()['text']"},"authentication":"@parameters('$authentication')"}},"Send_an_email_(V2)_from_the_form_fields":{"runAfter":{"Get_a_row_by_ID_from_SendEmail":["Succeeded"]},"metadata":{"operationMetadataId":"24300ceb-047c-418a-b028-89fe84de73a3"},"type":"OpenApiConnection","inputs":{"host":{"connectionName":"shared_office365_1","operationId":"SendEmailV2","apiId":"/providers/Microsoft.PowerApps/apis/shared_office365"},"parameters":{"emailMessage/To":"@outputs('Get_a_row_by_ID_from_SendEmail')?['body/mjb_emailaddress']","emailMessage/Subject":"@outputs('Get_a_row_by_ID_from_SendEmail')?['body/mjb_subject']","emailMessage/Body":"<p>@{outputs('Get_a_row_by_ID_from_SendEmail')?['body/mjb_body']}</p>"},"authentication":"@parameters('$authentication')"}}},"outputs":{}}},"schemaVersion":"1.0.0.0"}