{
  "properties": {
    "connectionReferences": {
      "shared_commondataserviceforapps": {
        "runtimeSource": "embedded",
        "connection": {
          "connectionReferenceLogicalName": "ltcit_ITHelpAppRegUser"
        },
        "api": {
          "name": "shared_commondataserviceforapps"
        }
      },
      "shared_commondataserviceforapps_3": {
        "runtimeSource": "embedded",
        "connection": {
          "connectionReferenceLogicalName": "ltcit_ITHelpAppRegUser"
        },
        "api": {
          "name": "shared_commondataserviceforapps"
        }
      }
    },
    "definition": {
      "$schema": "https://schema.management.azure.com/providers/Microsoft.Logic/schemas/2016-06-01/workflowdefinition.json#",
      "contentVersion": "1.0.0.0",
      "parameters": {
        "$connections": {
          "defaultValue": {},
          "type": "Object"
        },
        "$authentication": {
          "defaultValue": {},
          "type": "SecureObject"
        }
      },
      "triggers": {
        "manual": {
          "metadata": {
            "operationMetadataId": "ccc48794-a61f-4469-bfca-52d8561dfa12"
          },
          "type": "Request",
          "kind": "Button",
          "inputs": {
            "schema": {
              "type": "object",
              "properties": {},
              "required": []
            }
          }
        }
      },
      "actions": {
        "Initialize_variable_emailSubject": {
          "runAfter": {
            "Get_the_contact_row_by_ID": [
              "Succeeded"
            ]
          },
          "metadata": {
            "operationMetadataId": "4ca9c183-852c-4fca-8139-38a5762cce10"
          },
          "type": "InitializeVariable",
          "inputs": {
            "variables": [
              {
                "name": "emailSubject",
                "type": "string"
              }
            ]
          }
        },
        "Initialize_variable_emailDescription": {
          "runAfter": {
            "Initialize_variable_emailSubject": [
              "Succeeded"
            ]
          },
          "metadata": {
            "operationMetadataId": "f69eaf85-3b70-4dce-b4fb-72c62085cef0"
          },
          "type": "InitializeVariable",
          "inputs": {
            "variables": [
              {
                "name": "emailDescription",
                "type": "string"
              }
            ]
          }
        },
        "Append_internal_email_to_array_variable_Email_Addresses_JSON": {
          "runAfter": {
            "Initialize_variable_Email_Addresses_JSON": [
              "Succeeded"
            ]
          },
          "metadata": {
            "operationMetadataId": "8f64684a-3763-448c-a0a0-e4a9c3752566"
          },
          "type": "AppendToArrayVariable",
          "inputs": {
            "name": "Email Addresses JSON",
            "value": {
              "participationtypemask": 2,
              "partyid@odata.bind": "systemusers(5ea5072e-4443-ed11-bba2-0022481b5893)"
            }
          }
        },
        "Append_Queue_as_sender_to_array_variable_Email_Addresses_JSON": {
          "runAfter": {
            "Append_internal_email_to_array_variable_Email_Addresses_JSON": [
              "Succeeded"
            ]
          },
          "metadata": {
            "operationMetadataId": "747bf7e4-b27c-4349-8bce-b7d7467ea2b4"
          },
          "type": "AppendToArrayVariable",
          "inputs": {
            "name": "Email Addresses JSON",
            "value": {
              "participationtypemask": 1,
              "partyid@odata.bind": "queues(d417b530-a7e8-ec11-bb3c-6045bd0ea702)"
            }
          }
        },
        "Scope_Create_and_send_email": {
          "actions": {
            "Add_a_new_row_to_Email_Messages": {
              "runAfter": {},
              "metadata": {
                "operationMetadataId": "61bc7df7-cdf4-4619-9c4e-df74a7398f6e"
              },
              "type": "OpenApiConnection",
              "inputs": {
                "host": {
                  "connectionName": "shared_commondataserviceforapps",
                  "operationId": "CreateRecord",
                  "apiId": "/providers/Microsoft.PowerApps/apis/shared_commondataserviceforapps"
                },
                "parameters": {
                  "entityName": "emails",
                  "item/activitypointer_activity_parties": "@variables('Email Addresses JSON')",
                  "item/description": "@variables('emailDescription')",
                  "item/subject": "@variables('emailSubject')"
                },
                "authentication": {
                  "type": "Raw",
                  "value": "@json(decodeBase64(triggerOutputs().headers['X-MS-APIM-Tokens']))['$ConnectionKey']"
                }
              }
            },
            "Perform_a_bound_action_Send_that_Email": {
              "runAfter": {
                "If_there_are_attachments": [
                  "Succeeded"
                ]
              },
              "metadata": {
                "operationMetadataId": "f0418fde-f295-46ce-b51b-0e708f913fe4"
              },
              "type": "OpenApiConnection",
              "inputs": {
                "host": {
                  "connectionName": "shared_commondataserviceforapps",
                  "operationId": "PerformBoundAction",
                  "apiId": "/providers/Microsoft.PowerApps/apis/shared_commondataserviceforapps"
                },
                "parameters": {
                  "entityName": "emails",
                  "actionName": "Microsoft.Dynamics.CRM.SendEmail",
                  "recordId": "@outputs('Add_a_new_row_to_Email_Messages')?['body/activityid']",
                  "item/IssueSend": true
                },
                "authentication": {
                  "type": "Raw",
                  "value": "@json(decodeBase64(triggerOutputs().headers['X-MS-APIM-Tokens']))['$ConnectionKey']"
                }
              }
            },
            "If_there_are_attachments": {
              "actions": {
                "Parse_JSON_from_Attachments": {
                  "runAfter": {},
                  "metadata": {
                    "operationMetadataId": "836c8b12-a813-43d1-be94-31a919da8d71"
                  },
                  "type": "ParseJson",
                  "inputs": {
                    "content": "@outputs('Get_Email_Template_row_by_ID')?['body/template_activity_mime_attachments']",
                    "schema": {
                      "type": "array",
                      "items": {
                        "type": "object",
                        "properties": {
                          "@@odata.type": {
                            "type": "string"
                          },
                          "@@odata.id": {
                            "type": "string"
                          },
                          "@@odata.etag": {
                            "type": "string"
                          },
                          "@@odata.editLink": {
                            "type": "string"
                          },
                          "filename": {
                            "type": "string"
                          },
                          "mimetype": {
                            "type": "string"
                          },
                          "body": {
                            "type": "string"
                          },
                          "_attachmentid_value@Microsoft.Dynamics.CRM.associatednavigationproperty": {
                            "type": "string"
                          },
                          "_attachmentid_value@Microsoft.Dynamics.CRM.lookuplogicalname": {
                            "type": "string"
                          },
                          "_attachmentid_value@odata.type": {
                            "type": "string"
                          },
                          "_attachmentid_value": {
                            "type": "string"
                          },
                          "activitymimeattachmentid@odata.type": {
                            "type": "string"
                          },
                          "activitymimeattachmentid": {
                            "type": "string"
                          },
                          "attachmentid@odata.associationLink": {
                            "type": "string"
                          },
                          "attachmentid@odata.navigationLink": {
                            "type": "string"
                          }
                        },
                        "required": [
                          "@@odata.type",
                          "@@odata.id",
                          "@@odata.etag",
                          "@@odata.editLink",
                          "filename",
                          "mimetype",
                          "body",
                          "_attachmentid_value@Microsoft.Dynamics.CRM.associatednavigationproperty",
                          "_attachmentid_value@Microsoft.Dynamics.CRM.lookuplogicalname",
                          "_attachmentid_value@odata.type",
                          "_attachmentid_value",
                          "activitymimeattachmentid@odata.type",
                          "activitymimeattachmentid",
                          "attachmentid@odata.associationLink",
                          "attachmentid@odata.navigationLink"
                        ]
                      }
                    }
                  }
                },
                "Apply_to_each_attachment_returned": {
                  "foreach": "@body('Parse_JSON_from_Attachments')",
                  "actions": {
                    "Add_a_new_row_to_Activity_MIME_attachment": {
                      "runAfter": {},
                      "metadata": {
                        "operationMetadataId": "38639648-4697-4d9a-a926-f90e23937cee"
                      },
                      "type": "OpenApiConnection",
                      "inputs": {
                        "host": {
                          "connectionName": "shared_commondataserviceforapps_3",
                          "operationId": "CreateRecord",
                          "apiId": "/providers/Microsoft.PowerApps/apis/shared_commondataserviceforapps"
                        },
                        "parameters": {
                          "entityName": "activitymimeattachments",
                          "item/attachmentid@odata.bind": "@null",
                          "item/objecttypecode": "email",
                          "item/objectid_email@odata.bind": "emails(@{outputs('Add_a_new_row_to_Email_Messages')?['body/activityid']})",
                          "item/body": "@items('Apply_to_each_attachment_returned')['body']",
                          "item/filename": "@items('Apply_to_each_attachment_returned')['filename']",
                          "item/mimetype": "@items('Apply_to_each_attachment_returned')['mimetype']"
                        },
                        "authentication": {
                          "type": "Raw",
                          "value": "@json(decodeBase64(triggerOutputs().headers['X-MS-APIM-Tokens']))['$ConnectionKey']"
                        }
                      }
                    }
                  },
                  "runAfter": {
                    "Parse_JSON_from_Attachments": [
                      "Succeeded"
                    ]
                  },
                  "metadata": {
                    "operationMetadataId": "b954f49e-ddab-4586-9c3f-7c11970c7633"
                  },
                  "type": "Foreach"
                }
              },
              "runAfter": {
                "Add_a_new_row_to_Email_Messages": [
                  "Succeeded"
                ]
              },
              "expression": {
                "greater": [
                  "@length(outputs('Get_Email_Template_row_by_ID')?['body/template_activity_mime_attachments'])",
                  0
                ]
              },
              "metadata": {
                "operationMetadataId": "6fe1f2a2-1b38-4f1e-8e42-f34f775ace40"
              },
              "type": "If"
            }
          },
          "runAfter": {
            "Scope_Get_and_populate_template": [
              "Succeeded"
            ]
          },
          "metadata": {
            "operationMetadataId": "9ae1cab6-5b10-4590-b644-034b80893d47"
          },
          "type": "Scope"
        },
        "Scope_Get_and_populate_template": {
          "actions": {
            "Get_email_template_row_by_ID": {
              "runAfter": {},
              "metadata": {
                "operationMetadataId": "84aa4f4d-74f2-45fd-8964-8ae24db0f290"
              },
              "type": "OpenApiConnection",
              "inputs": {
                "host": {
                  "connectionName": "shared_commondataserviceforapps",
                  "operationId": "GetItem",
                  "apiId": "/providers/Microsoft.PowerApps/apis/shared_commondataserviceforapps"
                },
                "parameters": {
                  "entityName": "templates",
                  "recordId": "43a54c14-165d-ed11-9562-000d3a86f221",
                  "$expand": "template_activity_mime_attachments($select=filename,mimetype,body)"
                },
                "authentication": {
                  "type": "Raw",
                  "value": "@json(decodeBase64(triggerOutputs().headers['X-MS-APIM-Tokens']))['$ConnectionKey']"
                }
              }
            },
            "Set_variable_emailDescription": {
              "runAfter": {
                "Get_email_template_row_by_ID": [
                  "Succeeded"
                ]
              },
              "metadata": {
                "operationMetadataId": "ee2396da-ae39-47ba-bf51-46216e37bf87"
              },
              "type": "SetVariable",
              "inputs": {
                "name": "emailDescription",
                "value": "@{replace(\r\n    replace(\r\n    outputs('Get_Email_Template_row_by_ID')?['body/safehtml'],\r\n    '#FULLNAME#',outputs('Get_the_contact_row_by_ID')?['body/fullname']),\r\n    '#ADDRESS#',outputs('Get_the_contact_row_by_ID')?['body/address1_composite']\r\n    )}"
              }
            },
            "Set_variable_emailSubject": {
              "runAfter": {
                "Set_variable_emailDescription": [
                  "Succeeded"
                ]
              },
              "metadata": {
                "operationMetadataId": "627dd3ed-64ff-4a28-a368-b70968f2f53c"
              },
              "type": "SetVariable",
              "inputs": {
                "name": "emailSubject",
                "value": "@{slice(\r\noutputs('Get_email_template_row_by_ID')?['body/subjectsafehtml'],\r\nadd(indexof(outputs('Get_email_template_row_by_ID')?['body/subjectsafehtml'],'\">'),2),\r\nindexof(outputs('Get_email_template_row_by_ID')?['body/subjectsafehtml'],'</div>')\r\n)}"
              }
            }
          },
          "runAfter": {
            "Append_Queue_as_sender_to_array_variable_Email_Addresses_JSON": [
              "Succeeded"
            ]
          },
          "metadata": {
            "operationMetadataId": "7a8b150a-6a1f-435d-bbbe-67bcd8f82c80"
          },
          "type": "Scope"
        },
        "Get_the_contact_row_by_ID": {
          "runAfter": {},
          "metadata": {
            "operationMetadataId": "5470c02a-b91d-44f6-8f06-c8ef1eef4140"
          },
          "type": "OpenApiConnection",
          "inputs": {
            "host": {
              "connectionName": "shared_commondataserviceforapps_3",
              "operationId": "GetItem",
              "apiId": "/providers/Microsoft.PowerApps/apis/shared_commondataserviceforapps"
            },
            "parameters": {
              "entityName": "contacts",
              "recordId": "73532807-cb5a-ed11-9562-000d3a0d1ea0"
            },
            "authentication": {
              "type": "Raw",
              "value": "@json(decodeBase64(triggerOutputs().headers['X-MS-APIM-Tokens']))['$ConnectionKey']"
            }
          }
        },
        "Initialize_variable_Email_Addresses_JSON": {
          "runAfter": {
            "Initialize_variable_emailDescription": [
              "Succeeded"
            ]
          },
          "metadata": {
            "operationMetadataId": "a37536ed-d3ce-417f-b59a-4f8bb18136c8"
          },
          "type": "InitializeVariable",
          "inputs": {
            "variables": [
              {
                "name": "Email Addresses JSON",
                "type": "array"
              }
            ]
          }
        }
      }
    },
    "templateName": ""
  },
  "schemaVersion": "1.0.0.0"
}