<appaction uniquename="mjb_RunEmailFlow!ce61709aa8bc48bf8b7d7e098218264a!mjb_SendEmail!mjb_sendanemail!0">
  <appmoduleid>
    <uniquename>mjb_SendEmail</uniquename>
  </appmoduleid>
  <buttonlabeltext default="Run Email Flow">
    <label description="Run Email Flow" languagecode="1033" />
  </buttonlabeltext>
  <buttonsequencepriority>15.0000000000</buttonsequencepriority>
  <buttontooltipdescription default="This will run the Flow to send an email">
    <label description="This will run the Flow to send an email" languagecode="1033" />
  </buttontooltipdescription>
  <buttontooltiptitle default="Run Email FLow">
    <label description="Run Email FLow" languagecode="1033" />
  </buttontooltiptitle>
  <context>1</context>
  <contextentity>
    <logicalname>mjb_sendanemail</logicalname>
  </contextentity>
  <contextvalue>mjb_sendanemail</contextvalue>
  <fonticon>GlobalFilterCollapsedRow</fonticon>
  <hidden>0</hidden>
  <iscustomizable>1</iscustomizable>
  <location>0</location>
  <name>RunEmailFlow!ce61709aa8bc48bf8b7d7e098218264a</name>
  <onclickeventjavascriptfunctionname>callFlow</onclickeventjavascriptfunctionname>
  <onclickeventjavascriptparameters>[{"type":21,"value":"Run Email Flow"},{"type":4},{"type":5}]</onclickeventjavascriptparameters>
  <onclickeventjavascriptwebresourceid>
    <webresourceid>e9e8d33c-ec75-ec11-8943-0022481aa7bf</webresourceid>
  </onclickeventjavascriptwebresourceid>
  <onclickeventtype>2</onclickeventtype>
  <statecode>0</statecode>
  <statuscode>1</statuscode>
  <type>0</type>
</appaction>